{"train/loss": 2.4665, "train/learning_rate": 0.0, "train/epoch": 1.0, "train/global_step": 3651, "_timestamp": 1712373403.274571, "_runtime": 19412.854104042053, "_step": 3651, "train/train_runtime": 19414.0428, "train/train_samples_per_second": 24.075, "train/train_steps_per_second": 0.188, "train/total_flos": 5.437483121748476e+18, "train/train_loss": 2.4668848808417088, "_wandb": {"runtime": 19412}}