{"train/loss": 3.2812, "train/learning_rate": 0.0, "train/epoch": 14.83, "train/global_step": 1140, "_timestamp": 1712455081.8982785, "_runtime": 4105.60483956337, "_step": 1140, "train/train_runtime": 4106.8059, "train/train_samples_per_second": 35.922, "train/train_steps_per_second": 0.278, "train/total_flos": 5.548402501799117e+16, "train/train_loss": 3.351990433115708, "_wandb": {"runtime": 4104}}