{"train/loss": 1.4578, "train/learning_rate": 0.0, "train/epoch": 2.99, "train/global_step": 1326, "_timestamp": 1712432729.8981957, "_runtime": 7038.209293842316, "_step": 1326, "train/train_runtime": 7039.4098, "train/train_samples_per_second": 24.147, "train/train_steps_per_second": 0.188, "train/total_flos": 2.0175948190140334e+18, "train/train_loss": 1.3855401182246603, "_wandb": {"runtime": 7037}}