{"train/loss": 3.8477, "train/learning_rate": 0.0, "train/epoch": 14.87, "train/global_step": 210, "_timestamp": 1712513612.0565612, "_runtime": 1147.011779308319, "_step": 210, "train/train_runtime": 1148.2002, "train/train_samples_per_second": 23.437, "train/train_steps_per_second": 0.183, "train/total_flos": 7831032708464640.0, "train/train_loss": 3.8800103755224318, "_wandb": {"runtime": 1146}}