{"train/loss": 2.302, "train/learning_rate": 0.0014305239179954442, "train/epoch": 0.02, "train/global_step": 314, "_timestamp": 1712353831.5454972, "_runtime": 1040.7133340835571, "_step": 313}